#,Category,Component Name,Specification,Qty,Unit Price (BDT),Total Price (BDT),Purchase Link (store.roboticsbd.com),Project Application / Notes
1,Microcontroller,ESP32 ESP-32S 30P NodeMCU Development Board,"30-pin, Dual-Core, Wi-Fi + Bluetooth",1,480,480,https://store.roboticsbd.com/development-boards/948-esp32-esp-32s-30p-nodemcu-development-board-wireless-wifi-robotics-bangladesh.html,Main controller (30-pin DevKit V1)
2,Expansion Shield,ESP32 30P Development Expansion Board,"30-pin breakout, dedicated VCC & GND terminals, DC jack",1,350,350,https://store.roboticsbd.com/internet-of-things-iot/2271-esp32-30p-development-expansion-board-robotics-bangladesh.html,Eliminates breadboard wiring for ESP32; provides 3.3V/5V/GND
3,RFID,RC522 RFID Card Reader Module Kit,13.56 MHz SPI + 1 Card + 1 Keychain Tag included,1,190,190,https://store.roboticsbd.com/arduino-shield/313-rc522-rfid-card-reader-module-kit-android-nfc-supported-robotics-bangladesh.html,"Attendance & access control scanner (SPI bus, 3.3V only)"
4,RFID,MIFARE Classic 1K RFID NFC Smart Card 13.56MHz,ISO 14443A Mifare 1K S50 White Card,3,32,96,https://store.roboticsbd.com/rfid-nfc/351-mifare-classic-1k-rfid-nfc-smart-card-1356mhz-printable-robotics-bangladesh.html,Extra cards for Student/Teacher roster
5,Sensor,DHT22 Digital Temperature Humidity Sensor Module,AM2302 on PCB with pull-up resistor (±0.5°C),1,260,260,https://store.roboticsbd.com/sensors/2338-dht22-digital-temperature-humidity-sensor-module-robotics-bangladesh.html,Automates Fan and AC thresholds (3.3V)
6,Display,16x2 Serial LCD Module Display with I2C Backpack,HD44780 + PCF8574 I2C Backpack Assembled,1,349,349,https://store.roboticsbd.com/arduino-shield/1349-16x2-serial-lcd-module-display-for-arduino-assembled-robotics-bangladesh.html,"Shows live status, temp, headcount, and alerts (5V)"
7,Sound Alarm,Active Buzzer 5V,5V Self-oscillating active buzzer,1,20,20,https://store.roboticsbd.com/components/753-active-buzzer-5v-robotics-bangladesh.html,Audio feedback for card scan & intruder alerts
8,Actuator,4 Channel 5V Relay Board Module,"5V Coil, Optocoupler isolation, 10A 250VAC contacts",1,278,278,https://store.roboticsbd.com/electronics-module/409-4-channel-5v-relay-board-module-robotics-bangladesh.html,"Switches Fan (CH1), Light (CH2), AC (CH3), Projector (CH4)"
9,Sensor,Infrared Obstacle Avoidance IR Sensor Module,TCRT5000 style with LM393 comparator & trim pot,2,40,80,https://store.roboticsbd.com/sensors/685-infrared-obstacle-avoidance-ir-sensor-module-robotics-bangladesh.html,2 units: IR1 (Outside entry) & IR2 (Inside exit door)
10,Actuator,5V Cooling Fan - 40 x 40 x 10mm,5V DC Brushless PC cooling fan 2-pin,1,119,119,https://store.roboticsbd.com/cooling-radiators-heatsink/3075-5v-cooling-fan-40-x-40-x-10mm-robotics-bangladesh.html,Real motor load demonstration on Relay CH1
11,Protection,1N4007 Diode (Flyback Diode),"1A, 1000V Reverse Blocking Diode",2,4,8,https://store.roboticsbd.com/components/1360-1n4007-diode-robotics-bangladesh.html,CRITICAL: Connect across DC fan terminals against inductive kickback
12,Prototyping,Breadboard Mini Size Bare 170 Tie Points,SYB-170 Solderless Mini Breadboard,1,45,45,https://store.roboticsbd.com/robotics-parts/280-breadboard-mini-size-bare-170-tie-points-robotics-bangladesh.html,Sits beside expansion shield to mount 3 status LEDs & resistors
13,Wiring,Male to Male Jumper Wires 20 Pcs 20cm,20cm Ribbon cable M-M,1,55,55,https://store.roboticsbd.com/cables-wire/2639-male-to-male-jumper-wires-20-pcs-20cm-robotics-bangladesh.html,Connects Relay screw terminals to mini breadboard & breadboard links
14,Wiring,Female to Female Jumper Wires 20 Pcs 20cm,20cm Ribbon cable F-F,1,55,55,https://store.roboticsbd.com/cables-wire/2641-female-to-female-jumper-wires-20-pcs-20cm-robotics-bangladesh.html,Connects expansion board header pins to sensor modules
15,Wiring,Male to Female Jumper Wires 20 Pcs 20cm,20cm Ribbon cable M-F,1,55,55,https://store.roboticsbd.com/cables-wire/2640-male-to-female-jumper-wires-20-pcs-20cm-robotics-bangladesh.html,Connects expansion board headers to mini breadboard rails
16,Cables,USB Micro-B Cable for ESPCAM / NodeMCU,Micro USB Data Cable for ESP32 Programming,1,150,150,https://store.roboticsbd.com/cables-wire/3642-usb-micro-b-cable-for-espcam-robotics-bangladesh.html,High quality data cable (not charge-only)
17,Components,10K Ohm 1/4W Carbon Film Resistor - Pack of 10,1/4W 5% Tolerance (10 pcs),1,15,15,https://store.roboticsbd.com/resistor/243-10k-ohm-carbon-film-resistor-pack-of-10-robotics-bangladesh.html,Pull-up resistor for GPIO 34 button
18,Components,220 Ohm 1/4W Carbon Film Resistor - Pack of 10,1/4W 5% Tolerance (10 pcs),1,15,15,https://store.roboticsbd.com/resistor/244-220-ohm-carbon-film-resistor-pack-of-10-robotics-bangladesh.html,Current limiting resistors for 3 prototype LEDs
19,Optoelectronics,5mm Yellow LED - Pack of 5,5mm Diffused Yellow LED,1,5,5,https://store.roboticsbd.com/led/770-5-mm-yellow-led-robotics-bangladesh.html,Room Light indicator (Relay CH2)
20,Optoelectronics,5mm Blue LED - Pack of 5,5mm Clear/Diffused Blue LED,1,5,5,https://store.roboticsbd.com/led/1300-blue-led-5mmpack-of-5-robotics-bangladesh.html,Air Conditioner indicator (Relay CH3)
21,Optoelectronics,5mm White LED - Pack of 5,5mm Clear White LED,1,5,5,https://store.roboticsbd.com/led/1299-white-led-5mm-pack-of-5-robotics-bangladesh.html,Projector indicator (Relay CH4)
